artist_name_1,hotttnesss
Coldplay,0.916053228284
Michael Jackson,0.899991594263
Daft Punk,1.02125558749
Taylor Swift,0.872447223164
T.I.,0.872838920624
Rihanna,0.908202619208
Black Eyed Peas,1.00594196595
Rihanna / Slash,0.908202619208
